-- MySQL dump 10.13  Distrib 8.1.0, for Linux (x86_64)
--
-- Host: localhost    Database: asignaturas-db
-- ------------------------------------------------------
-- Server version	8.1.0

/*!40101 SET @OLD_CHARACTER_SET_CLIENT=@@CHARACTER_SET_CLIENT */;
/*!40101 SET @OLD_CHARACTER_SET_RESULTS=@@CHARACTER_SET_RESULTS */;
/*!40101 SET @OLD_COLLATION_CONNECTION=@@COLLATION_CONNECTION */;
/*!50503 SET NAMES utf8mb4 */;
/*!40103 SET @OLD_TIME_ZONE=@@TIME_ZONE */;
/*!40103 SET TIME_ZONE='+00:00' */;
/*!40014 SET @OLD_UNIQUE_CHECKS=@@UNIQUE_CHECKS, UNIQUE_CHECKS=0 */;
/*!40014 SET @OLD_FOREIGN_KEY_CHECKS=@@FOREIGN_KEY_CHECKS, FOREIGN_KEY_CHECKS=0 */;
/*!40101 SET @OLD_SQL_MODE=@@SQL_MODE, SQL_MODE='NO_AUTO_VALUE_ON_ZERO' */;
/*!40111 SET @OLD_SQL_NOTES=@@SQL_NOTES, SQL_NOTES=0 */;

--
-- Table structure for table `asignatura`
--

DROP TABLE IF EXISTS `asignatura`;
/*!40101 SET @saved_cs_client     = @@character_set_client */;
/*!50503 SET character_set_client = utf8mb4 */;
CREATE TABLE `asignatura` (
  `codigo` int NOT NULL,
  `codigo_carrera` int NOT NULL,
  `codigo_plan` varchar(10) NOT NULL,
  `nivel` int NOT NULL,
  `nombre` varchar(60) NOT NULL,
  `cupos` int DEFAULT NULL,
  `inscritos` int DEFAULT NULL,
  PRIMARY KEY (`codigo`)
) ENGINE=InnoDB DEFAULT CHARSET=utf8mb4 COLLATE=utf8mb4_0900_ai_ci;
/*!40101 SET character_set_client = @saved_cs_client */;

--
-- Dumping data for table `asignatura`
--

LOCK TABLES `asignatura` WRITE;
/*!40000 ALTER TABLE `asignatura` DISABLE KEYS */;
INSERT INTO `asignatura` VALUES (201,132,'2017-1',1,'Química General',30,0),(202,132,'2017-1',1,'Química Inorgánica',30,0),(203,132,'2017-1',1,'Química Orgánica',30,0),(204,132,'2017-1',1,'Termodinámica Química',30,0),(205,132,'2017-1',1,'Cinética Química',30,0),(206,132,'2017-1',2,'Fisicoquímica',30,0),(207,132,'2017-1',2,'Química Analítica',30,30),(208,132,'2017-1',2,'Análisis Instrumental',30,0),(209,132,'2017-1',2,'Química Cuántica',30,0),(210,132,'2017-1',2,'Mecánica Cuántica',30,0),(211,132,'2017-1',2,'Matemáticas para la Ingeniería',30,0),(212,132,'2017-1',3,'Álgebra Lineal',30,0),(213,132,'2017-1',3,'Cálculo Diferencial e Integral',30,0),(214,132,'2017-1',3,'Ecuaciones Diferenciales',30,0),(215,132,'2017-1',3,'Estadística y Probabilidad',30,0),(216,132,'2017-1',3,'Termodinámica de Procesos',30,0),(217,132,'2017-1',3,'Fenómenos de Transporte',30,0),(218,132,'2017-1',4,'Operaciones Unitarias',30,0),(219,132,'2017-1',4,'Balance de Materia y Energía',30,0),(220,132,'2017-1',4,'Termodinámica Aplicada',30,0),(221,132,'2017-1',4,'Transferencia de Calor',30,0),(222,132,'2017-1',4,'Transferencia de Masa',30,0),(223,132,'2017-1',4,'Ingeniería de Reactores Químicos',30,0),(224,132,'2017-1',5,'Diseño de Reactores',30,0),(225,132,'2017-1',5,'Ingeniería de Separaciones',30,0),(226,132,'2017-1',5,'Destilación',30,0),(227,132,'2017-1',5,'Extracción Líquido-Líquido',30,0),(228,132,'2017-1',5,'Adsorción',30,0),(229,132,'2017-1',5,'Cromatografía',30,0),(230,132,'2017-1',6,'Filtración',30,0),(231,132,'2017-1',6,'Secado',30,0),(232,132,'2017-1',6,'Cinética de Procesos',30,0),(233,132,'2017-1',6,'Ingeniería de Control de Procesos',30,0),(234,132,'2017-1',6,'Simulación de Procesos',30,0),(235,132,'2017-1',6,'Diseño de Plantas Químicas',30,0),(236,132,'2017-1',7,'Ingeniería de Seguridad en Procesos',30,0),(237,132,'2017-1',7,'Química Ambiental',30,0),(238,132,'2017-1',7,'Tratamiento de Aguas Residuales',30,0),(239,132,'2017-1',7,'Gestión de Residuos Químicos',30,0),(240,132,'2017-1',7,'Ingeniería de Materiales',30,0),(241,132,'2017-1',7,'Polímeros y Plásticos',30,0),(242,132,'2017-1',8,'Metalurgia Extractiva',30,0),(243,132,'2017-1',8,'Corrosión',30,0),(244,132,'2017-1',8,'Análisis de Peligros y Puntos Críticos de Control (HACCP)',30,0),(245,132,'2017-1',8,'Ingeniería Farmacéutica',30,0),(246,132,'2017-1',8,'Biotecnología',30,0),(247,132,'2017-1',8,'Procesos de Producción de Alimentos',30,0),(248,132,'2017-1',9,'Ingeniería de Energía',30,0),(249,132,'2017-1',9,'Energías Renovables',30,0),(250,132,'2017-1',9,'Ingeniería Nuclear',30,0),(251,132,'2017-1',9,'Ingeniería de Petróleo y Gas',30,0),(252,132,'2017-1',9,'Ingeniería de Procesos en la Industria Química',30,0),(253,132,'2017-1',10,'Economía y Gestión de Proyectos',30,0),(254,132,'2017-1',10,'Ética Profesional en Ingeniería Química',30,0),(255,132,'2017-1',10,'Investigación en Ingeniería Química',30,0),(256,132,'2017-1',10,'Práctica Industrial',30,0),(257,132,'2017-1',10,'Seminario de Ingeniería Química',30,0),(258,132,'2017-1',11,'Proyecto de Tesis o Trabajo de Grado',30,0),(301,133,'2014-2',1,'Biología Celular',30,0),(302,133,'2014-2',1,'Biología Molecular',30,0),(303,133,'2014-2',1,'Anatomía y Fisiología Humana',30,0),(304,133,'2014-2',1,'Química General',30,0),(305,133,'2014-2',1,'Química Orgánica',30,0),(306,133,'2014-2',2,'Matemáticas para la Ingeniería',30,0),(307,133,'2014-2',2,'Cálculo Diferencial e Integral',30,0),(308,133,'2014-2',2,'Álgebra Lineal',30,0),(309,133,'2014-2',2,'Física para la Ingeniería',30,0),(310,133,'2014-2',2,'Termodinámica',30,0),(311,133,'2014-2',2,'Mecánica de Fluidos',30,0),(312,133,'2014-2',3,'Circuitos Eléctricos',30,0),(313,133,'2014-2',3,'Electrónica Básica',30,0),(314,133,'2014-2',3,'Bioquímica',30,0),(315,133,'2014-2',3,'Biomateriales',30,0),(316,133,'2014-2',3,'Bioinstrumentación',30,0),(317,133,'2014-2',3,'Procesamiento de Señales Biomédicas',30,0),(318,133,'2014-2',4,'Imágenes Médicas',30,0),(319,133,'2014-2',4,'Microbiología',30,0),(320,133,'2014-2',4,'Genética',30,0),(321,133,'2014-2',4,'Estadísticas en Biomedicina',30,0),(322,133,'2014-2',4,'Análisis de Datos Biomédicos',30,0),(323,133,'2014-2',4,'Ética en Ingeniería Biomédica',30,0),(324,133,'2014-2',5,'Biomecánica',30,0),(325,133,'2014-2',5,'Control de Sistemas Biológicos',30,0),(326,133,'2014-2',5,'Electromagnetismo Aplicado a la Medicina',30,0),(327,133,'2014-2',5,'Biomédica Óptica',30,0),(328,133,'2014-2',5,'Ingeniería Clínica',30,0),(329,133,'2014-2',5,'Diseño de Dispositivos Médicos',30,0),(330,133,'2014-2',6,'Instrumentación Biomédica Avanzada',30,0),(331,133,'2014-2',6,'Modelado de Sistemas Biológicos',30,0),(332,133,'2014-2',6,'Ingeniería Tisular',30,0),(333,133,'2014-2',6,'Ingeniería Genética',30,0),(334,133,'2014-2',6,'Nanotecnología en Biomedicina',30,0),(335,133,'2014-2',6,'Robótica Médica',30,0),(336,133,'2014-2',7,'Telemedicina',30,0),(337,133,'2014-2',7,'Rehabilitación Biomédica',30,0),(338,133,'2014-2',7,'Fisiología de Sistemas',30,0),(339,133,'2014-2',7,'Ingeniería de Control de Sistemas Médicos',30,0),(340,133,'2014-2',7,'Terapia Física y Rehabilitación',30,0),(341,133,'2014-2',7,'Diagnóstico por Imagen',30,0),(342,133,'2014-2',8,'Ingeniería de Radioterapia',30,0),(343,133,'2014-2',8,'Ingeniería Biomédica en Cardiología',30,0),(344,133,'2014-2',8,'Ingeniería Biomédica en Neurociencia',30,0),(345,133,'2014-2',8,'Ingeniería Biomédica en Ortopedia',30,0),(346,133,'2014-2',8,'Ingeniería Biomédica en Dermatología',30,0),(347,133,'2014-2',8,'Ingeniería Biomédica en Oftalmología',30,0),(348,133,'2014-2',9,'Ingeniería Biomédica en Ginecología y Obstetricia',30,0),(349,133,'2014-2',9,'Ingeniería Biomédica en Urología',30,0),(350,133,'2014-2',9,'Ingeniería Biomédica en Cirugía',30,0),(351,133,'2014-2',9,'Ingeniería Biomédica en Endocrinología',30,0),(352,133,'2014-2',9,'Ingeniería Biomédica en Gastroenterología',30,0),(353,133,'2014-2',10,'Ingeniería Biomédica en Oncología',30,0),(354,133,'2014-2',10,'Ingeniería Biomédica en Medicina Deportiva',30,0),(355,133,'2014-2',10,'Economía de la Salud',30,0),(356,133,'2014-2',10,'Gestión de Proyectos en Ingeniería Biomédica',30,0),(357,133,'2014-2',10,'Investigación en Ingeniería Biomédica',30,0),(358,133,'2014-2',11,'Proyecto de Tesis en Ingeniería Biomédica',30,0),(401,134,'2010-3',1,'Circuitos Eléctricos',30,0),(402,134,'2010-3',1,'Electromagnetismo',30,0),(403,134,'2010-3',1,'Electrónica Básica',30,0),(404,134,'2010-3',1,'Matemáticas para la Ingeniería',30,0),(405,134,'2010-3',1,'Cálculo Diferencial e Integral',30,0),(406,134,'2010-3',2,'Álgebra Lineal',30,0),(407,134,'2010-3',2,'Física para la Ingeniería',30,0),(408,134,'2010-3',2,'Termodinámica',30,0),(409,134,'2010-3',2,'Máquinas Eléctricas',30,0),(410,134,'2010-3',2,'Sistemas de Energía Eléctrica',30,0),(411,134,'2010-3',2,'Generación y Distribución de Energía',30,0),(412,134,'2010-3',3,'Control de Sistemas Eléctricos',30,0),(413,134,'2010-3',3,'Electrónica de Potencia',30,0),(414,134,'2010-3',3,'Microelectrónica',30,0),(415,134,'2010-3',3,'Electrónica Digital',30,0),(416,134,'2010-3',3,'Comunicaciones Eléctricas',30,0),(417,134,'2010-3',3,'Señales y Sistemas',30,0),(418,134,'2010-3',4,'Electrónica Analógica',30,0),(419,134,'2010-3',4,'Electrónica de Radiofrecuencia (RF)',30,0),(420,134,'2010-3',4,'Mecánica Aplicada',30,0),(421,134,'2010-3',4,'Termodinámica Aplicada a Sistemas Eléctricos',30,0),(422,134,'2010-3',4,'Dispositivos Semiconductores',30,0),(423,134,'2010-3',4,'Convertidores de Energía',30,0),(424,134,'2010-3',5,'Teoría de Control',30,0),(425,134,'2010-3',5,'Sistemas Embebidos',30,0),(426,134,'2010-3',5,'Automatización Industrial',30,0),(427,134,'2010-3',5,'Diseño de Circuitos Impresos',30,0),(428,134,'2010-3',5,'Instrumentación y Medición',30,0),(429,134,'2010-3',5,'Microcontroladores',30,0),(430,134,'2010-3',6,'Electrónica de Alta Frecuencia',30,0),(431,134,'2010-3',6,'Sistemas de Comunicación Inalámbrica',30,0),(432,134,'2010-3',6,'Electrónica de Potencia Avanzada',30,0),(433,134,'2010-3',6,'Sistemas de Control Industrial',30,0),(434,134,'2010-3',6,'Robótica',30,0),(435,134,'2010-3',6,'Diseño de Circuitos Integrados',30,0),(436,134,'2010-3',7,'Sistemas de Energía Renovable',30,0),(437,134,'2010-3',7,'Protección de Sistemas Eléctricos',30,0),(438,134,'2010-3',7,'Energía Eléctrica y Medio Ambiente',30,0),(439,134,'2010-3',7,'Sistemas de Transmisión de Datos',30,0),(440,134,'2010-3',7,'Sistemas de Control Digital',30,0),(441,134,'2010-3',7,'Sistemas de Control de Procesos',30,0),(442,134,'2010-3',8,'Automatización y Control de Edificios',30,0),(443,134,'2010-3',8,'Electrónica Industrial',30,0),(444,134,'2010-3',8,'Diseño de Sistemas Electrónicos',30,0),(445,134,'2010-3',8,'Electrónica de Potencia Industrial',30,0),(446,134,'2010-3',8,'Gestión de Proyectos de Ingeniería Eléctrica',30,0),(447,134,'2010-3',8,'Ética en Ingeniería Eléctrica',30,0),(448,134,'2010-3',9,'Electromagnetismo Aplicado',30,0),(449,134,'2010-3',9,'Análisis de Circuitos de Alta Frecuencia',30,0),(450,134,'2010-3',9,'Sistemas de Comunicación por Fibra Óptica',30,0),(451,134,'2010-3',9,'Sistemas de Energía Inteligente',30,0),(452,134,'2010-3',9,'Sistemas de Energía Nuclear',30,0),(453,134,'2010-3',10,'Generación Distribuida',30,0),(454,134,'2010-3',10,'Energías Renovables y Sostenibilidad',30,0),(455,134,'2010-3',10,'Diseño de Sistemas de Transmisión y Distribución',30,0),(456,134,'2010-3',10,'Ingeniería Eléctrica en Telecomunicaciones',30,0),(457,134,'2010-3',10,'Redes Eléctricas Inteligentes',30,0),(458,134,'2010-3',11,'Proyecto de Tesis en Ingeniería Eléctrica',30,0),(501,135,'2015-1',1,'Circuitos Electrónicos Básicos',30,0),(502,135,'2015-1',1,'Electromagnetismo',30,0),(503,135,'2015-1',1,'Matemáticas para la Ingeniería',30,0),(504,135,'2015-1',1,'Cálculo Diferencial e Integral',30,0),(505,135,'2015-1',1,'Álgebra Lineal',30,0),(506,135,'2015-1',2,'Física para la Ingeniería',30,0),(507,135,'2015-1',2,'Electrónica Analógica',30,0),(508,135,'2015-1',2,'Electrónica Digital',30,0),(509,135,'2015-1',2,'Circuitos Integrados',30,0),(510,135,'2015-1',2,'Microelectrónica',30,0),(511,135,'2015-1',2,'Señales y Sistemas',30,0),(512,135,'2015-1',3,'Comunicaciones Electrónicas',30,0),(513,135,'2015-1',3,'Teoría de Control',30,0),(514,135,'2015-1',3,'Electrónica de Potencia',30,0),(515,135,'2015-1',3,'Instrumentación Electrónica',30,0),(516,135,'2015-1',3,'Electrónica Industrial',30,0),(517,135,'2015-1',3,'Procesamiento de Señales',30,0),(518,135,'2015-1',4,'Diseño de Circuitos Electrónicos',30,0),(519,135,'2015-1',4,'Circuitos de Radiofrecuencia',30,0),(520,135,'2015-1',4,'Electrónica Digital Avanzada',30,0),(521,135,'2015-1',4,'Dispositivos Semiconductores',30,0),(522,135,'2015-1',4,'Electrónica de Potencia Avanzada',30,0),(523,135,'2015-1',4,'Microcontroladores',30,0),(524,135,'2015-1',5,'Sistemas Embebidos',30,0),(525,135,'2015-1',5,'Diseño de Circuitos Integrados',30,0),(526,135,'2015-1',5,'Sistemas de Comunicación Inalámbrica',30,0),(527,135,'2015-1',5,'Electrónica de Alta Frecuencia',30,0),(528,135,'2015-1',5,'Comunicaciones por Fibra Óptica',30,0),(529,135,'2015-1',5,'Robótica Electrónica',30,0),(530,135,'2015-1',6,'Automatización y Control Industrial',30,0),(531,135,'2015-1',6,'Sistemas de Control Digital',30,0),(532,135,'2015-1',6,'Sistemas de Control de Procesos',30,0),(533,135,'2015-1',6,'Sistemas de Control de Movimiento',30,0),(534,135,'2015-1',6,'Electrónica de Audio',30,0),(535,135,'2015-1',6,'Electrónica Médica',30,0),(536,135,'2015-1',7,'Electrónica de Consumo',30,0),(537,135,'2015-1',7,'Electrónica de Entretenimiento',30,0),(538,135,'2015-1',7,'Electrónica de Aviónica',30,0),(539,135,'2015-1',7,'Electrónica de Comunicación Satelital',30,0),(540,135,'2015-1',7,'Electrónica para Vehículos Autónomos',30,0),(541,135,'2015-1',7,'Electrónica de Redes de Sensores',30,0),(542,135,'2015-1',8,'Diseño de Sistemas Electrónicos',30,0),(543,135,'2015-1',8,'Electrónica Industrial Avanzada',30,0),(544,135,'2015-1',8,'Sistemas de Energía Electrónica',30,0),(545,135,'2015-1',8,'Nanoelectrónica',30,0),(546,135,'2015-1',8,'Ética en Ingeniería Electrónica',30,0),(547,135,'2015-1',8,'Gestión de Proyectos de Ingeniería Electrónica',30,0),(548,135,'2015-1',9,'Pruebas y Diagnóstico de Circuitos Electrónicos',30,0),(549,135,'2015-1',9,'Electromagnetismo Aplicado',30,0),(550,135,'2015-1',9,'Control de Calidad en Electrónica',30,0),(551,135,'2015-1',9,'Electrónica de Potencia Industrial',30,0),(552,135,'2015-1',9,'Dispositivos Optoelectrónicos',30,0),(553,135,'2015-1',10,'Electrónica Cuántica',30,0),(554,135,'2015-1',10,'Diseño de Sistemas de Comunicación',30,0),(555,135,'2015-1',10,'Electrónica de Baja Potencia',30,0),(556,135,'2015-1',10,'Electrónica Flexible y Impresa',30,0),(557,135,'2015-1',10,'Electrónica Sostenible y Ecoeficiente',30,0),(558,135,'2015-1',11,'Proyecto de Tesis en Ingeniería Electrónica',30,0),(601,136,'2018-2',1,'Introducción a la Ingeniería Industrial',30,0),(602,136,'2018-2',1,'Estadísticas y Probabilidad',30,0),(603,136,'2018-2',1,'Cálculo Diferencial e Integral',30,0),(604,136,'2018-2',1,'Álgebra Lineal',30,0),(605,136,'2018-2',1,'Física para Ingenieros',30,0),(606,136,'2018-2',2,'Química General',30,0),(607,136,'2018-2',2,'Termodinámica',30,0),(608,136,'2018-2',2,'Economía para Ingeniería',30,0),(609,136,'2018-2',2,'Métodos Cuantitativos para la Toma de Decisiones',30,0),(610,136,'2018-2',2,'Investigación de Operaciones',30,0),(611,136,'2018-2',2,'Sistemas de Producción',30,0),(612,136,'2018-2',3,'Diseño y Mejora de Procesos',30,0),(613,136,'2018-2',3,'Control de Calidad',30,0),(614,136,'2018-2',3,'Gestión de la Calidad Total',30,0),(615,136,'2018-2',3,'Ingeniería de Métodos',30,0),(616,136,'2018-2',3,'Ergonomía y Diseño de Estaciones de Trabajo',30,0),(617,136,'2018-2',3,'Gestión de la Cadena de Suministro',30,0),(618,136,'2018-2',4,'Logística y Distribución',30,0),(619,136,'2018-2',4,'Simulación de Procesos',30,0),(620,136,'2018-2',4,'Planificación y Programación de la Producción',30,0),(621,136,'2018-2',4,'Análisis de Riesgos',30,0),(622,136,'2018-2',4,'Estudio de Tiempos y Movimientos',30,0),(623,136,'2018-2',4,'Lean Manufacturing',30,0),(624,136,'2018-2',5,'Six Sigma',30,0),(625,136,'2018-2',5,'Mantenimiento Industrial',30,0),(626,136,'2018-2',5,'Gestión de Proyectos',30,0),(627,136,'2018-2',5,'Gestión de Inventarios',30,0),(628,136,'2018-2',5,'Análisis Financiero',30,0),(629,136,'2018-2',5,'Ingeniería de Costos',30,0),(630,136,'2018-2',6,'Diseño de Experimentos',30,0),(631,136,'2018-2',6,'Modelado y Simulación de Sistemas',30,0),(632,136,'2018-2',6,'Ingeniería de Calidad',30,0),(633,136,'2018-2',6,'Ingeniería de Fiabilidad',30,0),(634,136,'2018-2',6,'Automatización Industrial',30,0),(635,136,'2018-2',6,'Control Automático',30,0),(636,136,'2018-2',7,'Gestión de la Innovación',30,0),(637,136,'2018-2',7,'Gestión de la Tecnología',30,0),(638,136,'2018-2',7,'Ingeniería Ambiental',30,0),(639,136,'2018-2',7,'Ingeniería de Seguridad Industrial',30,0),(640,136,'2018-2',7,'Gestión de Recursos Humanos',30,0),(641,136,'2018-2',7,'Ética y Responsabilidad Social en Ingeniería Industrial',30,0),(642,136,'2018-2',8,'Legislación Laboral y Ambiental',30,0),(643,136,'2018-2',8,'Ingeniería Económica',30,0),(644,136,'2018-2',8,'Gestión de Procesos de Negocios (BPM)',30,0),(645,136,'2018-2',8,'Optimización de la Cadena de Suministro',30,0),(646,136,'2018-2',8,'Análisis de Decisiones',30,0),(647,136,'2018-2',8,'Sistemas de Información Empresarial',30,0),(648,136,'2018-2',9,'Diseño de Almacenes y Centros de Distribución',30,0),(649,136,'2018-2',9,'Procesamiento de Datos en Tiempo Real',30,0),(650,136,'2018-2',9,'Gestión de la Innovación Tecnológica',30,0),(651,136,'2018-2',9,'Gestión de la Calidad en Servicios',30,0),(652,136,'2018-2',9,'Ingeniería Industrial en el Sector de la Salud',30,0),(653,136,'2018-2',10,'Ingeniería Industrial en el Sector de la Energía',30,0),(654,136,'2018-2',10,'Ingeniería Industrial en el Sector de la Manufactura',30,0),(655,136,'2018-2',10,'Ingeniería Industrial en el Sector de Servicios',30,0),(656,136,'2018-2',10,'Ingeniería Industrial en el Sector de la Logística',30,0),(657,136,'2018-2',10,'Gestión de la Producción',30,0),(658,136,'2018-2',11,'Proyecto de Tesis en Ingeniería Industrial',30,0),(701,137,'2013-4',1,'Introducción a la Programación',30,0),(702,137,'2013-4',1,'Estructuras de Datos',30,0),(703,137,'2013-4',1,'Algoritmos y Complejidad',30,0),(704,137,'2013-4',1,'Matemáticas Discretas',30,0),(705,137,'2013-4',1,'Fundamentos de Ingeniería de Software',30,0),(706,137,'2013-4',2,'Programación Orientada a Objetos',30,0),(707,137,'2013-4',2,'Diseño de Software',30,0),(708,137,'2013-4',2,'Ingeniería de Requisitos',30,0),(709,137,'2013-4',2,'Gestión de Proyectos de Software',30,0),(710,137,'2013-4',2,'Calidad de Software',30,0),(711,137,'2013-4',2,'Pruebas de Software',30,0),(712,137,'2013-4',3,'Arquitectura de Software',30,0),(713,137,'2013-4',3,'Desarrollo Ágil de Software',30,0),(714,137,'2013-4',3,'Desarrollo de Aplicaciones Web',30,0),(715,137,'2013-4',3,'Desarrollo de Aplicaciones Móviles',30,0),(716,137,'2013-4',3,'Diseño de Interfaces de Usuario',30,0),(717,137,'2013-4',3,'Ingeniería de Software Empresarial',30,0),(718,137,'2013-4',4,'Sistemas Distribuidos',30,0),(719,137,'2013-4',4,'Computación en la Nube',30,0),(720,137,'2013-4',4,'Big Data',30,0),(721,137,'2013-4',4,'Minería de Datos',30,0),(722,137,'2013-4',4,'Inteligencia Artificial',30,0),(723,137,'2013-4',4,'Aprendizaje Automático',30,0),(724,137,'2013-4',5,'Procesamiento de Lenguaje Natural',30,0),(725,137,'2013-4',5,'Robótica de Software',30,0),(726,137,'2013-4',5,'Desarrollo de Videojuegos',30,0),(727,137,'2013-4',5,'Seguridad de Software',30,0),(728,137,'2013-4',5,'Criptografía',30,0),(729,137,'2013-4',5,'Ética en la Ingeniería de Software',30,0),(730,137,'2013-4',6,'Ingeniería de Software Orientada a Servicios (SOA)',30,0),(731,137,'2013-4',6,'DevOps y Continuous Integration/Continuous Deployment (CI/CD',30,0),(732,137,'2013-4',6,'Gestión de Configuración de Software',30,0),(733,137,'2013-4',6,'Modelado y Simulación',30,0),(734,137,'2013-4',6,'Análisis de Rendimiento de Software',30,0),(735,137,'2013-4',6,'Desarrollo de Software para Dispositivos Embebidos',30,0),(736,137,'2013-4',7,'Sistemas de Tiempo Real',30,0),(737,137,'2013-4',7,'Ingeniería de Software Basada en Componentes',30,0),(738,137,'2013-4',7,'Metodologías de Desarrollo de Software',30,0),(739,137,'2013-4',7,'Ingeniería de Software Experimental',30,0),(740,137,'2013-4',7,'Automatización de Pruebas',30,0),(741,137,'2013-4',7,'Ingeniería de Software para Sistemas Críticos',30,0),(742,137,'2013-4',8,'Desarrollo de Software Multiplataforma',30,0),(743,137,'2013-4',8,'Control de Versiones y Git',30,0),(744,137,'2013-4',8,'Administración de Proyectos de TI',30,0),(745,137,'2013-4',8,'Técnicas de Documentación de Software',30,0),(746,137,'2013-4',8,'Ingeniería de Software para Aplicaciones Empresariales',30,0),(747,137,'2013-4',8,'Análisis y Diseño de Bases de Datos',30,0),(748,137,'2013-4',9,'Desarrollo de Aplicaciones de Realidad Virtual y Aumentada',30,0),(749,137,'2013-4',9,'Desarrollo de Aplicaciones de Internet de las Cosas (IoT)',30,0),(750,137,'2013-4',9,'Diseño de Sistemas de Información',30,0),(751,137,'2013-4',9,'Interacción Humano-Computadora',30,0),(752,137,'2013-4',9,'Desarrollo de Aplicaciones Basadas en Blockchain',30,0),(753,137,'2013-4',10,'Prácticas de Desarrollo Seguro (DevSecOps)',30,0),(754,137,'2013-4',10,'Gobernanza de TI',30,0),(755,137,'2013-4',10,'Ética y Responsabilidad Profesional en Ingeniería de Softwar',30,0),(756,137,'2013-4',10,'Desarrollo de Software para Dispositivos Móviles Avanzados (',30,0),(757,137,'2013-4',10,'Proyecto de Ingeniería de Software',30,0),(758,137,'2013-4',11,'Trabajo de Titulacion',30,0),(801,138,'2015-6',1,'Introducción a la Ingeniería Mecánica',30,0),(802,138,'2015-6',1,'Matemáticas para la Ingeniería',30,0),(803,138,'2015-6',1,'Cálculo Diferencial e Integral',30,0),(804,138,'2015-6',1,'Álgebra Lineal',30,0),(805,138,'2015-6',1,'Física para Ingenieros',30,0),(806,138,'2015-6',2,'Mecánica Clásica',30,0),(807,138,'2015-6',2,'Termodinámica',30,0),(808,138,'2015-6',2,'Mecánica de Fluidos',30,0),(809,138,'2015-6',2,'Transferencia de Calor',30,0),(810,138,'2015-6',2,'Mecánica de Materiales',30,0),(811,138,'2015-6',2,'Análisis de Vibraciones',30,0),(812,138,'2015-6',3,'Elementos de Máquinas',30,0),(813,138,'2015-6',3,'Ingeniería de Control',30,0),(814,138,'2015-6',3,'Diseño de Máquinas',30,0),(815,138,'2015-6',3,'Dinámica de Sistemas Mecánicos',30,0),(816,138,'2015-6',3,'Diseño Mecánico Asistido por Computadora (CAD)',30,0),(817,138,'2015-6',3,'Fabricación y Procesos de Producción',30,0),(818,138,'2015-6',4,'Soldadura y Uniones Mecánicas',30,0),(819,138,'2015-6',4,'Ingeniería de Mantenimiento',30,0),(820,138,'2015-6',4,'Metrología y Control de Calidad',30,0),(821,138,'2015-6',4,'Tribología',30,0),(822,138,'2015-6',4,'Ingeniería de Plantas',30,0),(823,138,'2015-6',4,'Máquinas Térmicas',30,0),(824,138,'2015-6',5,'Ingeniería de Energía',30,0),(825,138,'2015-6',5,'Elementos Finitos',30,0),(826,138,'2015-6',5,'Ingeniería de Refrigeración y Aire Acondicionado',30,0),(827,138,'2015-6',5,'Diseño Asistido por Computadora (CAE)',30,0),(828,138,'2015-6',5,'Automatización Industrial',30,0),(829,138,'2015-6',5,'Robótica Industrial',30,0),(830,138,'2015-6',6,'Ingeniería de Control de Procesos',30,0),(831,138,'2015-6',6,'Máquinas Herramienta',30,0),(832,138,'2015-6',6,'Sistemas de Transmisión Mecánica',30,0),(833,138,'2015-6',6,'Mecatrónica',30,0),(834,138,'2015-6',6,'Ingeniería de Proyectos',30,0),(835,138,'2015-6',6,'Toma de Decisiones en Ingeniería Mecánica',30,0),(836,138,'2015-6',7,'Ingeniería Ambiental y Sostenibilidad',30,0),(837,138,'2015-6',7,'Ingeniería de Sistemas Térmicos',30,0),(838,138,'2015-6',7,'Ingeniería de Sistemas de Fluidos',30,0),(839,138,'2015-6',7,'Ingeniería de Sistemas Estructurales',30,0),(840,138,'2015-6',7,'Ingeniería de Sistemas Mecánicos y Electromecánicos',30,0),(841,138,'2015-6',7,'Diseño de Experimentos en Ingeniería Mecánica',30,0),(842,138,'2015-6',8,'Ingeniería de Soldadura',30,0),(843,138,'2015-6',8,'Diseño de Elementos de Máquinas Avanzado',30,0),(844,138,'2015-6',8,'Ingeniería de Procesos de Fabricación',30,0),(845,138,'2015-6',8,'Análisis de Fallas y Fractura',30,0),(846,138,'2015-6',8,'Ingeniería de Control de Calidad',30,0),(847,138,'2015-6',8,'Gestión de Proyectos de Ingeniería Mecánica',30,0),(848,138,'2015-6',9,'Ética en Ingeniería Mecánica',30,0),(849,138,'2015-6',9,'Ingeniería de Sistemas de Automoción',30,0),(850,138,'2015-6',9,'Ingeniería de Sistemas Aeroespaciales',30,0),(851,138,'2015-6',9,'Ingeniería de Sistemas Marítimos',30,0),(852,138,'2015-6',9,'Ingeniería de Sistemas Ferroviarios',30,0),(853,138,'2015-6',10,'Ingeniería de Sistemas de Energía Renovable',30,0),(854,138,'2015-6',10,'Ingeniería de Sistemas de Transporte Público',30,0),(855,138,'2015-6',10,'Ingeniería de Sistemas de Manufactura',30,0),(856,138,'2015-6',10,'Ingeniería de Sistemas de Biomecánica',30,0),(857,138,'2015-6',10,'Ingeniería de Sistemas de Energía Nuclear',30,0),(858,138,'2015-6',11,'Proyecto de Tesis en Ingeniería Mecánica',30,0),(901,139,'2019-3',1,'Introducción a la Ingeniería Metalúrgica',30,0),(902,139,'2019-3',1,'Química General',30,0),(903,139,'2019-3',1,'Termodinámica Química',30,0),(904,139,'2019-3',1,'Cinética Química',30,0),(905,139,'2019-3',1,'Matemáticas para la Ingeniería',30,0),(906,139,'2019-3',2,'Cálculo Diferencial e Integral',30,0),(907,139,'2019-3',2,'Álgebra Lineal',30,0),(908,139,'2019-3',2,'Física para la Ingeniería',30,0),(909,139,'2019-3',2,'Mecánica de Fluidos',30,0),(910,139,'2019-3',2,'Resistencia de Materiales',30,0),(911,139,'2019-3',2,'Mecánica de Materiales',30,0),(912,139,'2019-3',3,'Procesos de Transformación de Metales',30,0),(913,139,'2019-3',3,'Fundamentos de Metalurgia',30,0),(914,139,'2019-3',3,'Metalurgia Extractiva',30,0),(915,139,'2019-3',3,'Metalurgia Física',30,0),(916,139,'2019-3',3,'Metalurgia Química',30,0),(917,139,'2019-3',3,'Fundición',30,0),(918,139,'2019-3',4,'Refinación de Metales',30,0),(919,139,'2019-3',4,'Tratamientos Térmicos',30,0),(920,139,'2019-3',4,'Conformado de Materiales Metálicos',30,0),(921,139,'2019-3',4,'Soldadura y Unión de Metales',30,0),(922,139,'2019-3',4,'Ensayos No Destructivos',30,0),(923,139,'2019-3',4,'Metalografía',30,0),(924,139,'2019-3',5,'Procesamiento de Minerales',30,0),(925,139,'2019-3',5,'Hidrometalurgia',30,0),(926,139,'2019-3',5,'Pirometalurgia',30,0),(927,139,'2019-3',5,'Electroquímica y Electrometalurgia',30,0),(928,139,'2019-3',5,'Metalurgia de Polvos',30,0),(929,139,'2019-3',5,'Materiales Compuestos',30,0),(930,139,'2019-3',6,'Materiales para Alta Temperatura',30,0),(931,139,'2019-3',6,'Materiales Magnéticos',30,0),(932,139,'2019-3',6,'Materiales Cerámicos',30,0),(933,139,'2019-3',6,'Materiales Poliméricos',30,0),(934,139,'2019-3',6,'Tecnología de Materiales Avanzados',30,0),(935,139,'2019-3',6,'Diseño de Experimentos en Metalurgia',30,0),(936,139,'2019-3',7,'Procesos de Reciclaje de Metales',30,0),(937,139,'2019-3',7,'Modelado y Simulación en Metalurgia',30,0),(938,139,'2019-3',7,'Automatización en Procesos Metalúrgicos',30,0),(939,139,'2019-3',7,'Control de Procesos en Metalurgia',30,0),(940,139,'2019-3',7,'Gestión Ambiental en Metalurgia',30,0),(941,139,'2019-3',7,'Gestión de la Calidad en la Industria Metalúrgica',30,0),(942,139,'2019-3',8,'Normativas y Regulaciones en Metalurgia',30,0),(943,139,'2019-3',8,'Ética en Ingeniería Metalúrgica',30,0),(944,139,'2019-3',8,'Economía y Gestión de Proyectos en Metalurgia',30,0),(945,139,'2019-3',8,'Investigación en Ingeniería Metalúrgica',30,0),(946,139,'2019-3',8,'Pruebas de Caracterización de Materiales',30,0),(947,139,'2019-3',8,'Ingeniería de Soldadura Avanzada',30,0),(948,139,'2019-3',9,'Metalurgia en la Industria Automotriz',30,0),(949,139,'2019-3',9,'Metalurgia en la Industria Aeroespacial',30,0),(950,139,'2019-3',9,'Metalurgia en la Industria Energética',30,0),(951,139,'2019-3',9,'Metalurgia en la Industria de la Construcción',30,0),(952,139,'2019-3',9,'Metalurgia en la Industria Química',30,0),(953,139,'2019-3',10,'Metalurgia en la Industria Electrónica',30,0),(954,139,'2019-3',10,'Metalurgia en la Industria Médica',30,0),(955,139,'2019-3',10,'Metalurgia en la Industria de la Alimentación',30,0),(956,139,'2019-3',10,'Metalurgia en la Industria del Petróleo y Gas',30,0),(957,139,'2019-3',10,'Metalurgia en la Industria Minera',30,0),(958,139,'2019-3',11,'Proyecto de Tesis en Ingeniería Metalúrgica',30,0),(1001,140,'2011-5',1,'Introducción a la Ingeniería de Minas',30,0),(1002,140,'2011-5',1,'Geología General',30,0),(1003,140,'2011-5',1,'Geología Aplicada a la Minería',30,0),(1004,140,'2011-5',1,'Topografía y Cartografía',30,0),(1005,140,'2011-5',1,'Matemáticas para Ingeniería',30,0),(1006,140,'2011-5',2,'Cálculo Diferencial e Integral',30,0),(1007,140,'2011-5',2,'Álgebra Lineal',30,0),(1008,140,'2011-5',2,'Física para Ingenieros',30,0),(1009,140,'2011-5',2,'Química General',30,0),(1010,140,'2011-5',2,'Termodinámica',30,0),(1011,140,'2011-5',2,'Mecánica de Rocas',30,0),(1012,140,'2011-5',3,'Geomecánica de Minas',30,0),(1013,140,'2011-5',3,'Geofísica Aplicada',30,0),(1014,140,'2011-5',3,'Mineralogía',30,0),(1015,140,'2011-5',3,'Petrología',30,0),(1016,140,'2011-5',3,'Procesos Geológicos',30,0),(1017,140,'2011-5',3,'Procesos de Exploración Minera',30,0),(1018,140,'2011-5',4,'Perforación y Voladura',30,0),(1019,140,'2011-5',4,'Muestreo y Preparación de Muestras',30,0),(1020,140,'2011-5',4,'Métodos de Explotación de Minas',30,0),(1021,140,'2011-5',4,'Planificación Minera',30,0),(1022,140,'2011-5',4,'Ventilación y Control de Ambientes Subterráneos',30,0),(1023,140,'2011-5',4,'Hidrogeología',30,0),(1024,140,'2011-5',5,'Gestión de Aguas en Minería',30,0),(1025,140,'2011-5',5,'Gestión de Residuos Mineros',30,0),(1026,140,'2011-5',5,'Ingeniería de Sistemas de Transporte de Minerales',30,0),(1027,140,'2011-5',5,'Procesamiento de Minerales',30,0),(1028,140,'2011-5',5,'Concentración de Minerales',30,0),(1029,140,'2011-5',5,'Metalurgia Extractiva',30,0),(1030,140,'2011-5',6,'Control de Calidad en Minería',30,0),(1031,140,'2011-5',6,'Evaluación de Recursos y Reservas Minerales',30,0),(1032,140,'2011-5',6,'Sistemas de Información Geográfica (SIG) en Minería',30,0),(1033,140,'2011-5',6,'Toma de Decisiones en Minería',30,0),(1034,140,'2011-5',6,'Seguridad en Minería',30,0),(1035,140,'2011-5',6,'Normativas y Regulaciones Mineras',30,0),(1036,140,'2011-5',7,'Ingeniería de Planificación Minera',30,0),(1037,140,'2011-5',7,'Geotecnia en Minería',30,0),(1038,140,'2011-5',7,'Instrumentación y Automatización en Minería',30,0),(1039,140,'2011-5',7,'Sistemas de Transporte Vertical en Minas',30,0),(1040,140,'2011-5',7,'Ingeniería de Socavones y Túneles',30,0),(1041,140,'2011-5',7,'Planificación y Diseño de Minas a Cielo Abierto',30,0),(1042,140,'2011-5',8,'Minería Subterránea',30,0),(1043,140,'2011-5',8,'Simulación de Procesos Mineros',30,0),(1044,140,'2011-5',8,'Evaluación Económica de Proyectos Mineros',30,0),(1045,140,'2011-5',8,'Geología de Yacimientos Minerales',30,0),(1046,140,'2011-5',8,'Planificación de Cierre de Minas',30,0),(1047,140,'2011-5',8,'Ética en Ingeniería de Minas',30,0),(1048,140,'2011-5',9,'Gestión de Proyectos Mineros',30,0),(1049,140,'2011-5',9,'Investigación en Ingeniería de Minas',30,0),(1050,140,'2011-5',9,'Gestión Ambiental en Minería',30,0),(1051,140,'2011-5',9,'Mecánica de Suelos y Rocas en Minería',30,0),(1052,140,'2011-5',9,'Minería Sostenible y Responsable',30,0),(1053,140,'2011-5',10,'Minería en la Industria Energética',30,0),(1054,140,'2011-5',10,'Minería en la Industria de la Construcción',30,0),(1055,140,'2011-5',10,'Minería en la Industria Química',30,0),(1056,140,'2011-5',10,'Minería en la Industria Metalúrgica',30,0),(1057,140,'2011-5',10,'Minería en la Industria de la Energía Renovable',30,0),(1058,140,'2011-5',11,'Proyecto de Tesis en Ingeniería de Minas',30,0),(1101,141,'2014-2',1,'Introducción a la Ingeniería Forestal',30,0),(1102,141,'2014-2',1,'Biología Forestal',30,0),(1103,141,'2014-2',1,'Botánica Forestal',30,0),(1104,141,'2014-2',1,'Ecología Forestal',30,0),(1105,141,'2014-2',1,'Silvicultura General',30,0),(1106,141,'2014-2',2,'Silvicultura de Especies Nativas',30,0),(1107,141,'2014-2',2,'Silvicultura de Especies Exóticas',30,0),(1108,141,'2014-2',2,'Dendrología',30,0),(1109,141,'2014-2',2,'Topografía y Cartografía Forestal',30,0),(1110,141,'2014-2',2,'Manejo de Bosques Naturales',30,0),(1111,141,'2014-2',2,'Planificación Forestal',30,0),(1112,141,'2014-2',3,'Genética Forestal',30,0),(1113,141,'2014-2',3,'Suelos Forestales',30,0),(1114,141,'2014-2',3,'Hidrología Forestal',30,0),(1115,141,'2014-2',3,'Manejo de Vida Silvestre',30,0),(1116,141,'2014-2',3,'Agroforestería',30,0),(1117,141,'2014-2',3,'Tecnología de la Madera',30,0),(1118,141,'2014-2',4,'Industria Forestal',30,0),(1119,141,'2014-2',4,'Economía Forestal',30,0),(1120,141,'2014-2',4,'Manejo de Incendios Forestales',30,0),(1121,141,'2014-2',4,'Restauración Ecológica de Bosques',30,0),(1122,141,'2014-2',4,'Conservación de Bosques y Biodiversidad',30,0),(1123,141,'2014-2',4,'Sistemas de Información Geográfica (SIG) en Ingeniería Fores',30,0),(1124,141,'2014-2',5,'Tala Racional y Legal de Bosques',30,0),(1125,141,'2014-2',5,'Evaluación de Impacto Ambiental en Ingeniería Forestal',30,0),(1126,141,'2014-2',5,'Ordenación de Montes',30,0),(1127,141,'2014-2',5,'Manejo de Cuencas Hidrográficas',30,0),(1128,141,'2014-2',5,'Manejo de Áreas Protegidas',30,0),(1129,141,'2014-2',5,'Planificación y Diseño de Plantaciones Forestales',30,0),(1130,141,'2014-2',6,'Técnicas de Reforestación',30,0),(1131,141,'2014-2',6,'Silvicultura Urbana',30,0),(1132,141,'2014-2',6,'Manejo de Bosques Comunitarios',30,0),(1133,141,'2014-2',6,'Manejo de Bosques Tropicales',30,0),(1134,141,'2014-2',6,'Manejo de Bosques de Montaña',30,0),(1135,141,'2014-2',6,'Manejo de Bosques Costeros',30,0),(1136,141,'2014-2',7,'Manejo de Bosques de Tierras Bajas',30,0),(1137,141,'2014-2',7,'Planificación y Evaluación de Proyectos Forestales',30,0),(1138,141,'2014-2',7,'Legislación Forestal y Ambiental',30,0),(1139,141,'2014-2',7,'Ética en Ingeniería Forestal',30,0),(1140,141,'2014-2',7,'Economía y Gestión de Proyectos en Ingeniería Forestal',30,0),(1141,141,'2014-2',7,'Manejo de Maderas Tropicales',30,0),(1142,141,'2014-2',8,'Manejo de Maderas Blandas',30,0),(1143,141,'2014-2',8,'Manejo de Maderas Duras',30,0),(1144,141,'2014-2',8,'Técnicas de Aserrío',30,0),(1145,141,'2014-2',8,'Transformación de la Madera',30,0),(1146,141,'2014-2',8,'Comercialización de Productos Forestales',30,0),(1147,141,'2014-2',8,'Gestión de Viveros Forestales',30,0),(1148,141,'2014-2',9,'Manejo Integrado de Plagas y Enfermedades Forestales',30,0),(1149,141,'2014-2',9,'Producción de Semillas y Plantas Forestales',30,0),(1150,141,'2014-2',9,'Manejo de Fauna Silvestre en Bosques',30,0),(1151,141,'2014-2',9,'Investigación en Ingeniería Forestal',30,0),(1152,141,'2014-2',9,'Educación Ambiental y Comunitaria en Bosques',30,0),(1153,141,'2014-2',10,'Manejo de Bosques en Zonas Áridas',30,0),(1154,141,'2014-2',10,'Manejo de Bosques en Zonas Subárticas',30,0),(1155,141,'2014-2',10,'Manejo de Bosques en Zonas Subantárticas',30,0),(1156,141,'2014-2',10,'Manejo de Bosques en Zonas Templadas',30,0),(1157,141,'2014-2',10,'Manejo de Bosques en Zonas Tropicales Húmedas',30,0),(1158,141,'2014-2',11,'Proyecto de Tesis en Ingeniería Forestal',30,0),(1201,142,'2017-3',1,'Introducción a la Ingeniería Civil',30,0),(1202,142,'2017-3',1,'Matemáticas para la Ingeniería',30,0),(1203,142,'2017-3',1,'Cálculo Diferencial e Integral',30,0),(1204,142,'2017-3',1,'Álgebra Lineal',30,0),(1205,142,'2017-3',1,'Física para Ingenieros',30,0),(1206,142,'2017-3',2,'Química General',30,0),(1207,142,'2017-3',2,'Mecánica Clásica',30,0),(1208,142,'2017-3',2,'Mecánica de Fluidos',30,0),(1209,142,'2017-3',2,'Resistencia de Materiales',30,0),(1210,142,'2017-3',2,'Geología Aplicada a la Ingeniería',30,0),(1211,142,'2017-3',2,'Topografía y Cartografía',30,0),(1212,142,'2017-3',3,'Mecánica de Suelos',30,0),(1213,142,'2017-3',3,'Fundamentos de Estructuras',30,0),(1214,142,'2017-3',3,'Diseño de Estructuras',30,0),(1215,142,'2017-3',3,'Ingeniería de Tráfico',30,0),(1216,142,'2017-3',3,'Ingeniería Hidráulica',30,0),(1217,142,'2017-3',3,'Ingeniería de Transporte',30,0),(1218,142,'2017-3',4,'Sistemas de Transporte Urbano',30,0),(1219,142,'2017-3',4,'Planificación Urbana',30,0),(1220,142,'2017-3',4,'Construcción de Obras Civiles',30,0),(1221,142,'2017-3',4,'Economía de la Construcción',30,0),(1222,142,'2017-3',4,'Gestión de Proyectos de Ingeniería Civil',30,0),(1223,142,'2017-3',4,'Ética en Ingeniería Civil',30,0),(1224,142,'2017-3',5,'Normativas y Regulaciones en Ingeniería Civil',30,0),(1225,142,'2017-3',5,'Tecnología del Hormigón',30,0),(1226,142,'2017-3',5,'Ingeniería de Pavimentos',30,0),(1227,142,'2017-3',5,'Ingeniería Geotécnica',30,0),(1228,142,'2017-3',5,'Ingeniería de Puentes',30,0),(1229,142,'2017-3',5,'Ingeniería de Túneles',30,0),(1230,142,'2017-3',6,'Ingeniería Sísmica',30,0),(1231,142,'2017-3',6,'Hidrología e Hidráulica',30,0),(1232,142,'2017-3',6,'Diseño de Obras Hidráulicas',30,0),(1233,142,'2017-3',6,'Ingeniería de Ríos y Cuencas',30,0),(1234,142,'2017-3',6,'Ingeniería de Costas',30,0),(1235,142,'2017-3',6,'Geotecnia Avanzada',30,0),(1236,142,'2017-3',7,'Estructuras de Acero',30,0),(1237,142,'2017-3',7,'Estructuras de Concreto',30,0),(1238,142,'2017-3',7,'Estructuras de Madera',30,0),(1239,142,'2017-3',7,'Estructuras Metálicas',30,0),(1240,142,'2017-3',7,'Estructuras Prefabricadas',30,0),(1241,142,'2017-3',7,'Sistemas de Información Geográfica (SIG) en Ingeniería Civil',30,0),(1242,142,'2017-3',8,'Modelado y Simulación en Ingeniería Civil',30,0),(1243,142,'2017-3',8,'Mecánica de Suelos Avanzada',30,0),(1244,142,'2017-3',8,'Pavimentos de Carreteras',30,0),(1245,142,'2017-3',8,'Ingeniería de Tráfico Avanzada',30,0),(1246,142,'2017-3',8,'Ingeniería de Ferrocarriles',30,0),(1247,142,'2017-3',8,'Ingeniería de Aeropuertos',30,0),(1248,142,'2017-3',9,'Ingeniería Portuaria',30,0),(1249,142,'2017-3',9,'Gestión de Recursos Hídricos',30,0),(1250,142,'2017-3',9,'Ingeniería de Construcción Sostenible',30,0),(1251,142,'2017-3',9,'Ingeniería de Estructuras de Concreto Armado',30,0),(1252,142,'2017-3',9,'Ingeniería de Estructuras de Acero Avanzada',30,0),(1253,142,'2017-3',10,'Ingeniería de Túneles y Excavaciones Subterráneas',30,0),(1254,142,'2017-3',10,'Proyecto de Tesis en Ingeniería Civil',30,0),(1255,142,'2017-3',10,'Ingeniería de Transporte de Carga',30,0),(1256,142,'2017-3',10,'Ingeniería de Transporte Público',30,0),(1257,142,'2017-3',10,'Ingeniería de Redes de Agua y Alcantarillado',30,0),(1258,142,'2017-3',11,'Proyecto de Tesis en Ingeniería Obras Civiles',30,0);
/*!40000 ALTER TABLE `asignatura` ENABLE KEYS */;
UNLOCK TABLES;

--
-- Table structure for table `asignatura_horario`
--

DROP TABLE IF EXISTS `asignatura_horario`;
/*!40101 SET @saved_cs_client     = @@character_set_client */;
/*!50503 SET character_set_client = utf8mb4 */;
CREATE TABLE `asignatura_horario` (
  `id` int NOT NULL AUTO_INCREMENT,
  `codigo_asignatura` int NOT NULL,
  `id_horario` int NOT NULL,
  PRIMARY KEY (`id`),
  KEY `asignatura_horario_asignatura_codigo_fk` (`codigo_asignatura`),
  KEY `asignatura_horario_horario_id_fk` (`id_horario`),
  CONSTRAINT `asignatura_horario_asignatura_codigo_fk` FOREIGN KEY (`codigo_asignatura`) REFERENCES `asignatura` (`codigo`) ON DELETE CASCADE ON UPDATE CASCADE,
  CONSTRAINT `asignatura_horario_horario_id_fk` FOREIGN KEY (`id_horario`) REFERENCES `horario` (`id`) ON DELETE CASCADE ON UPDATE CASCADE
) ENGINE=InnoDB AUTO_INCREMENT=154 DEFAULT CHARSET=utf8mb4 COLLATE=utf8mb4_0900_ai_ci;
/*!40101 SET character_set_client = @saved_cs_client */;

--
-- Dumping data for table `asignatura_horario`
--

LOCK TABLES `asignatura_horario` WRITE;
/*!40000 ALTER TABLE `asignatura_horario` DISABLE KEYS */;
INSERT INTO `asignatura_horario` VALUES (134,201,1),(135,201,19),(136,201,37),(137,201,10),(138,201,28),(139,202,10),(140,202,28),(141,203,2),(142,203,20),(143,203,38),(144,204,11),(145,204,29),(146,205,3),(147,205,21),(148,207,2),(149,207,49),(150,207,21),(151,236,10),(152,236,16),(153,236,43);
/*!40000 ALTER TABLE `asignatura_horario` ENABLE KEYS */;
UNLOCK TABLES;

--
-- Table structure for table `horario`
--

DROP TABLE IF EXISTS `horario`;
/*!40101 SET @saved_cs_client     = @@character_set_client */;
/*!50503 SET character_set_client = utf8mb4 */;
CREATE TABLE `horario` (
  `id` int NOT NULL AUTO_INCREMENT,
  `horario` varchar(2) NOT NULL,
  PRIMARY KEY (`id`)
) ENGINE=InnoDB AUTO_INCREMENT=55 DEFAULT CHARSET=utf8mb4 COLLATE=utf8mb4_0900_ai_ci;
/*!40101 SET character_set_client = @saved_cs_client */;

--
-- Dumping data for table `horario`
--

LOCK TABLES `horario` WRITE;
/*!40000 ALTER TABLE `horario` DISABLE KEYS */;
INSERT INTO `horario` VALUES (1,'L1'),(2,'L2'),(3,'L3'),(4,'L4'),(5,'L5'),(6,'L6'),(7,'L7'),(8,'L8'),(9,'L9'),(10,'M1'),(11,'M2'),(12,'M3'),(13,'M4'),(14,'M5'),(15,'M6'),(16,'M7'),(17,'M8'),(18,'M9'),(19,'W1'),(20,'W2'),(21,'W3'),(22,'W4'),(23,'W5'),(24,'W6'),(25,'W7'),(26,'W8'),(27,'W9'),(28,'J1'),(29,'J2'),(30,'J3'),(31,'J4'),(32,'J5'),(33,'J6'),(34,'J7'),(35,'J8'),(36,'J9'),(37,'V1'),(38,'V2'),(39,'V3'),(40,'V4'),(41,'V5'),(42,'V6'),(43,'V7'),(44,'V8'),(45,'V9'),(46,'S1'),(47,'S2'),(48,'S3'),(49,'S4'),(50,'S5'),(51,'S6'),(52,'S7'),(53,'S8'),(54,'S9');
/*!40000 ALTER TABLE `horario` ENABLE KEYS */;
UNLOCK TABLES;

--
-- Table structure for table `prerrequisito`
--

DROP TABLE IF EXISTS `prerrequisito`;
/*!40101 SET @saved_cs_client     = @@character_set_client */;
/*!50503 SET character_set_client = utf8mb4 */;
CREATE TABLE `prerrequisito` (
  `codigo_asignatura` int NOT NULL,
  `codigo_prerrequisito` int NOT NULL,
  `id` int NOT NULL AUTO_INCREMENT,
  PRIMARY KEY (`id`),
  KEY `prerrequisitos_asignaturas_codigo_fk` (`codigo_prerrequisito`),
  KEY `prerrequisitos_asignaturas_codigo_fk2` (`codigo_asignatura`),
  CONSTRAINT `prerrequisitos_asignaturas_codigo_fk` FOREIGN KEY (`codigo_prerrequisito`) REFERENCES `asignatura` (`codigo`) ON DELETE CASCADE ON UPDATE CASCADE,
  CONSTRAINT `prerrequisitos_asignaturas_codigo_fk2` FOREIGN KEY (`codigo_asignatura`) REFERENCES `asignatura` (`codigo`) ON DELETE CASCADE ON UPDATE CASCADE
) ENGINE=InnoDB AUTO_INCREMENT=1105 DEFAULT CHARSET=utf8mb4 COLLATE=utf8mb4_0900_ai_ci;
/*!40101 SET character_set_client = @saved_cs_client */;

--
-- Dumping data for table `prerrequisito`
--

LOCK TABLES `prerrequisito` WRITE;
/*!40000 ALTER TABLE `prerrequisito` DISABLE KEYS */;
INSERT INTO `prerrequisito` VALUES (206,205,1),(207,205,2),(207,204,3),(208,203,4),(208,205,5),(209,204,6),(210,202,7),(210,203,8),(211,205,9),(211,204,10),(212,208,11),(213,210,12),(213,209,13),(214,210,14),(215,208,15),(216,209,16),(216,206,17),(217,209,18),(218,211,19),(219,216,20),(220,212,21),(220,207,22),(221,210,23),(221,211,24),(222,215,25),(223,211,26),(224,210,27),(224,218,28),(224,209,29),(225,220,30),(226,222,31),(226,208,32),(227,213,33),(227,219,34),(228,213,35),(228,219,36),(229,209,37),(230,216,38),(231,228,39),(231,218,40),(232,227,41),(233,226,42),(233,227,43),(233,218,44),(234,207,45),(234,225,46),(235,209,47),(235,227,48),(235,208,49),(236,213,50),(236,234,51),(237,207,52),(238,234,53),(239,218,54),(239,208,55),(240,210,56),(241,208,57),(242,233,58),(243,229,59),(244,239,60),(245,239,61),(246,210,62),(246,217,63),(246,218,64),(247,208,65),(247,227,66),(247,215,67),(248,246,68),(248,237,69),(248,220,70),(249,230,71),(249,243,72),(250,211,73),(251,213,74),(251,227,75),(252,227,76),(252,230,77),(252,224,78),(253,221,79),(254,209,80),(255,213,81),(256,218,82),(257,215,83),(257,250,84),(258,213,85),(258,243,86),(258,210,87),(306,301,88),(306,302,89),(306,305,90),(307,304,91),(308,302,92),(309,302,93),(309,301,94),(310,303,95),(311,302,96),(312,310,97),(312,307,98),(313,308,99),(314,308,100),(314,309,101),(315,307,102),(316,307,103),(316,310,104),(317,310,105),(318,310,106),(319,314,107),(320,311,108),(321,311,109),(322,308,110),(322,310,111),(323,314,112),(323,307,113),(324,315,114),(324,311,115),(325,306,116),(326,308,117),(327,308,118),(327,306,119),(328,311,120),(329,311,121),(329,319,122),(329,320,123),(330,323,124),(330,319,125),(330,306,126),(331,326,127),(331,318,128),(332,324,129),(333,327,130),(333,320,131),(333,311,132),(334,324,133),(335,325,134),(336,325,135),(336,311,136),(336,321,137),(337,314,138),(337,327,139),(338,317,140),(338,331,141),(338,309,142),(339,331,143),(339,320,144),(339,312,145),(340,315,146),(340,325,147),(340,320,148),(341,311,149),(341,313,150),(341,317,151),(342,309,152),(343,333,153),(343,310,154),(343,308,155),(344,334,156),(345,338,157),(345,334,158),(345,309,159),(346,307,160),(346,325,161),(346,339,162),(347,313,163),(347,317,164),(348,338,165),(348,346,166),(348,343,167),(349,336,168),(349,346,169),(349,334,170),(350,314,171),(350,334,172),(351,318,173),(351,330,174),(352,342,175),(352,307,176),(353,319,177),(354,310,178),(354,346,179),(355,308,180),(356,316,181),(357,340,182),(357,338,183),(357,322,184),(358,344,185),(358,347,186),(406,401,187),(406,405,188),(407,404,189),(407,405,190),(408,401,191),(408,405,192),(409,401,193),(409,403,194),(410,403,195),(410,402,196),(411,403,197),(412,406,198),(412,408,199),(413,408,200),(413,409,201),(413,406,202),(414,409,203),(415,410,204),(416,410,205),(416,406,206),(417,407,207),(417,409,208),(417,406,209),(418,406,210),(419,415,211),(419,416,212),(420,412,213),(420,410,214),(421,407,215),(422,414,216),(422,416,217),(423,415,218),(423,410,219),(424,418,220),(425,413,221),(425,411,222),(425,419,223),(426,421,224),(426,414,225),(427,407,226),(428,416,227),(429,408,228),(430,423,229),(430,409,230),(430,425,231),(431,407,232),(431,419,233),(431,424,234),(432,418,235),(433,417,236),(433,411,237),(433,418,238),(434,412,239),(435,416,240),(436,416,241),(436,425,242),(436,413,243),(437,414,244),(438,409,245),(438,431,246),(438,408,247),(439,431,248),(439,413,249),(439,419,250),(440,412,251),(440,410,252),(441,412,253),(442,438,254),(443,431,255),(443,406,256),(444,417,257),(444,409,258),(445,431,259),(445,421,260),(446,407,261),(447,411,262),(448,433,263),(448,424,264),(449,427,265),(449,435,266),(450,406,267),(451,440,268),(451,429,269),(452,413,270),(452,436,271),(452,425,272),(453,442,273),(453,426,274),(454,426,275),(454,416,276),(454,438,277),(455,422,278),(455,419,279),(455,420,280),(456,416,281),(456,428,282),(456,426,283),(457,439,284),(457,427,285),(458,431,286),(458,419,287),(506,504,288),(507,505,289),(508,502,290),(508,503,291),(509,503,292),(509,501,293),(510,505,294),(510,503,295),(511,504,296),(511,501,297),(512,510,298),(513,506,299),(513,508,300),(513,509,301),(514,507,302),(514,506,303),(515,506,304),(516,510,305),(516,507,306),(517,509,307),(517,508,308),(517,510,309),(518,513,310),(518,509,311),(519,514,312),(520,509,313),(521,506,314),(521,510,315),(521,512,316),(522,508,317),(522,507,318),(523,513,319),(524,517,320),(524,507,321),(525,510,322),(525,516,323),(526,509,324),(526,508,325),(527,521,326),(528,512,327),(528,517,328),(529,510,329),(530,520,330),(530,528,331),(531,525,332),(531,508,333),(532,519,334),(532,511,335),(533,510,336),(533,506,337),(534,521,338),(534,525,339),(535,510,340),(535,512,341),(536,514,342),(537,520,343),(537,507,344),(537,516,345),(538,525,346),(539,509,347),(540,530,348),(541,522,349),(541,518,350),(541,524,351),(542,514,352),(542,523,353),(542,522,354),(543,522,355),(543,533,356),(544,524,357),(544,537,358),(544,539,359),(545,532,360),(545,513,361),(546,531,362),(546,513,363),(547,520,364),(548,525,365),(548,511,366),(548,546,367),(549,525,368),(549,542,369),(549,529,370),(550,530,371),(550,514,372),(550,537,373),(551,506,374),(551,522,375),(551,512,376),(552,515,377),(553,531,378),(553,537,379),(553,545,380),(554,536,381),(554,548,382),(554,515,383),(555,515,384),(555,547,385),(556,511,386),(556,533,387),(557,535,388),(558,534,389),(558,532,390),(558,520,391),(606,601,392),(606,604,393),(606,602,394),(607,605,395),(607,602,396),(607,601,397),(608,604,398),(609,604,399),(610,601,400),(610,604,401),(611,602,402),(611,604,403),(612,610,404),(613,608,405),(613,610,406),(614,608,407),(615,608,408),(615,609,409),(616,606,410),(617,609,411),(617,606,412),(618,612,413),(618,616,414),(619,614,415),(619,606,416),(619,608,417),(620,606,418),(620,609,419),(620,614,420),(621,612,421),(621,616,422),(621,606,423),(622,610,424),(622,608,425),(622,615,426),(623,606,427),(623,614,428),(624,611,429),(624,617,430),(624,606,431),(625,617,432),(625,619,433),(626,609,434),(626,622,435),(627,617,436),(628,618,437),(628,617,438),(628,611,439),(629,615,440),(629,617,441),(629,621,442),(630,610,443),(630,609,444),(631,623,445),(631,616,446),(632,619,447),(632,616,448),(633,620,449),(633,626,450),(634,627,451),(634,613,452),(634,617,453),(635,622,454),(635,626,455),(635,615,456),(636,609,457),(636,621,458),(636,613,459),(637,622,460),(638,610,461),(638,631,462),(638,615,463),(639,633,464),(639,626,465),(640,622,466),(640,627,467),(641,625,468),(641,620,469),(641,619,470),(642,636,471),(643,640,472),(643,614,473),(644,635,474),(644,611,475),(645,630,476),(645,614,477),(646,629,478),(646,606,479),(647,614,480),(647,632,481),(647,639,482),(648,626,483),(648,632,484),(649,619,485),(649,618,486),(650,608,487),(651,630,488),(652,616,489),(652,635,490),(652,641,491),(653,627,492),(653,625,493),(653,608,494),(654,634,495),(654,610,496),(654,644,497),(655,622,498),(656,648,499),(656,608,500),(656,644,501),(657,650,502),(657,626,503),(658,640,504),(658,620,505),(706,702,506),(707,702,507),(707,705,508),(708,701,509),(708,704,510),(709,704,511),(710,703,512),(711,703,513),(712,706,514),(713,709,515),(713,710,516),(714,707,517),(714,709,518),(714,710,519),(715,709,520),(716,709,521),(717,706,522),(717,709,523),(717,708,524),(718,715,525),(719,712,526),(720,716,527),(721,716,528),(722,706,529),(723,712,530),(723,713,531),(723,714,532),(724,709,533),(724,721,534),(724,722,535),(725,709,536),(725,711,537),(725,719,538),(726,711,539),(726,719,540),(727,709,541),(727,721,542),(728,709,543),(729,713,544),(729,709,545),(729,722,546),(730,715,547),(730,718,548),(731,710,549),(731,714,550),(732,709,551),(732,715,552),(733,716,553),(733,711,554),(734,713,555),(734,716,556),(735,706,557),(735,710,558),(736,713,559),(736,711,560),(736,726,561),(737,727,562),(738,715,563),(738,713,564),(739,720,565),(739,719,566),(740,734,567),(740,706,568),(740,733,569),(741,713,570),(742,728,571),(742,708,572),(743,716,573),(744,735,574),(745,734,575),(745,710,576),(746,734,577),(747,736,578),(747,706,579),(748,734,580),(749,735,581),(750,741,582),(750,718,583),(751,712,584),(751,727,585),(752,732,586),(752,708,587),(753,718,588),(753,719,589),(753,723,590),(754,737,591),(754,707,592),(755,733,593),(756,739,594),(756,716,595),(756,751,596),(757,711,597),(758,746,598),(758,741,599),(758,713,600),(806,803,601),(806,801,602),(807,805,603),(807,802,604),(808,805,605),(809,802,606),(809,803,607),(809,805,608),(810,805,609),(810,804,610),(811,804,611),(812,810,612),(812,808,613),(813,808,614),(814,807,615),(814,806,616),(814,808,617),(815,806,618),(815,807,619),(816,808,620),(816,809,621),(817,808,622),(818,810,623),(818,814,624),(818,815,625),(819,814,626),(820,808,627),(820,813,628),(820,806,629),(821,815,630),(821,812,631),(821,806,632),(822,808,633),(822,809,634),(822,814,635),(823,810,636),(823,809,637),(824,807,638),(825,817,639),(826,820,640),(826,809,641),(826,819,642),(827,807,643),(827,806,644),(828,815,645),(828,807,646),(828,819,647),(829,822,648),(830,806,649),(831,822,650),(831,824,651),(831,825,652),(832,813,653),(832,821,654),(833,817,655),(834,810,656),(835,820,657),(835,816,658),(836,810,659),(836,824,660),(836,832,661),(837,822,662),(837,812,663),(837,833,664),(838,814,665),(839,819,666),(839,810,667),(839,814,668),(840,816,669),(840,822,670),(840,830,671),(841,815,672),(842,809,673),(842,806,674),(843,818,675),(843,812,676),(844,832,677),(844,834,678),(845,832,679),(845,807,680),(846,809,681),(847,840,682),(847,808,683),(848,843,684),(848,842,685),(848,811,686),(849,824,687),(849,838,688),(850,810,689),(851,841,690),(851,836,691),(851,813,692),(852,810,693),(852,846,694),(853,814,695),(853,811,696),(853,806,697),(854,820,698),(854,825,699),(854,830,700),(855,851,701),(855,835,702),(856,833,703),(856,842,704),(857,835,705),(858,826,706),(858,835,707),(906,902,708),(907,905,709),(907,902,710),(908,902,711),(908,903,712),(909,902,713),(910,903,714),(911,902,715),(911,905,716),(912,907,717),(912,908,718),(913,910,719),(913,909,720),(914,910,721),(915,909,722),(915,906,723),(916,910,724),(916,906,725),(917,907,726),(918,915,727),(919,913,728),(919,907,729),(919,909,730),(920,911,731),(920,912,732),(921,910,733),(922,906,734),(923,914,735),(923,906,736),(923,916,737),(924,918,738),(925,910,739),(925,922,740),(926,910,741),(926,909,742),(926,919,743),(927,922,744),(927,914,745),(927,918,746),(928,909,747),(928,908,748),(929,916,749),(929,920,750),(930,919,751),(930,914,752),(931,919,753),(931,927,754),(931,916,755),(932,911,756),(932,928,757),(933,918,758),(933,919,759),(934,909,760),(934,911,761),(935,906,762),(935,918,763),(936,920,764),(936,931,765),(936,924,766),(937,908,767),(937,915,768),(937,933,769),(938,931,770),(939,923,771),(940,913,772),(940,919,773),(940,933,774),(941,913,775),(942,925,776),(943,920,777),(944,915,778),(944,910,779),(944,912,780),(945,929,781),(945,912,782),(945,919,783),(946,930,784),(947,940,785),(947,930,786),(947,923,787),(948,907,788),(948,931,789),(949,930,790),(949,910,791),(950,921,792),(950,922,793),(950,931,794),(951,927,795),(951,935,796),(951,937,797),(952,908,798),(952,928,799),(953,932,800),(953,924,801),(954,921,802),(954,928,803),(955,942,804),(955,952,805),(955,928,806),(956,909,807),(956,949,808),(957,909,809),(957,908,810),(958,951,811),(1006,1005,812),(1007,1005,813),(1008,1002,814),(1008,1005,815),(1009,1004,816),(1010,1004,817),(1010,1005,818),(1011,1005,819),(1011,1004,820),(1012,1006,821),(1012,1008,822),(1012,1007,823),(1013,1007,824),(1013,1009,825),(1013,1010,826),(1014,1006,827),(1015,1006,828),(1015,1007,829),(1016,1006,830),(1016,1008,831),(1017,1006,832),(1017,1010,833),(1018,1015,834),(1018,1009,835),(1019,1011,836),(1020,1008,837),(1020,1010,838),(1021,1013,839),(1022,1010,840),(1023,1015,841),(1023,1011,842),(1023,1007,843),(1024,1011,844),(1024,1009,845),(1025,1011,846),(1026,1015,847),(1026,1007,848),(1026,1012,849),(1027,1012,850),(1027,1017,851),(1028,1006,852),(1028,1017,853),(1028,1022,854),(1029,1013,855),(1030,1019,856),(1031,1011,857),(1031,1015,858),(1031,1012,859),(1032,1023,860),(1032,1019,861),(1032,1012,862),(1033,1014,863),(1033,1011,864),(1034,1009,865),(1035,1022,866),(1035,1007,867),(1035,1026,868),(1036,1006,869),(1036,1030,870),(1037,1016,871),(1037,1010,872),(1037,1024,873),(1038,1023,874),(1039,1031,875),(1040,1029,876),(1040,1024,877),(1041,1020,878),(1042,1008,879),(1043,1021,880),(1044,1022,881),(1045,1030,882),(1045,1027,883),(1046,1020,884),(1047,1035,885),(1047,1040,886),(1048,1025,887),(1049,1016,888),(1049,1022,889),(1050,1012,890),(1050,1011,891),(1050,1008,892),(1051,1043,893),(1051,1018,894),(1052,1045,895),(1052,1007,896),(1053,1006,897),(1053,1035,898),(1054,1018,899),(1054,1035,900),(1054,1027,901),(1055,1030,902),(1056,1052,903),(1056,1035,904),(1057,1019,905),(1057,1039,906),(1058,1049,907),(1106,1103,908),(1107,1101,909),(1108,1101,910),(1109,1102,911),(1109,1101,912),(1109,1103,913),(1110,1105,914),(1111,1105,915),(1111,1104,916),(1112,1110,917),(1113,1110,918),(1113,1109,919),(1114,1110,920),(1114,1106,921),(1115,1110,922),(1116,1110,923),(1116,1109,924),(1117,1106,925),(1118,1108,926),(1119,1113,927),(1119,1114,928),(1120,1114,929),(1121,1110,930),(1122,1112,931),(1122,1116,932),(1122,1108,933),(1123,1108,934),(1123,1114,935),(1124,1118,936),(1124,1114,937),(1124,1117,938),(1125,1110,939),(1125,1113,940),(1126,1122,941),(1126,1119,942),(1126,1112,943),(1127,1121,944),(1127,1111,945),(1128,1115,946),(1128,1111,947),(1129,1110,948),(1129,1109,949),(1130,1126,950),(1130,1115,951),(1130,1116,952),(1131,1113,953),(1131,1106,954),(1131,1128,955),(1132,1109,956),(1132,1120,957),(1133,1106,958),(1134,1128,959),(1134,1122,960),(1135,1117,961),(1135,1116,962),(1135,1122,963),(1136,1107,964),(1136,1109,965),(1136,1131,966),(1137,1129,967),(1138,1122,968),(1138,1110,969),(1139,1128,970),(1139,1133,971),(1140,1112,972),(1140,1111,973),(1141,1118,974),(1141,1110,975),(1142,1112,976),(1142,1122,977),(1142,1125,978),(1143,1115,979),(1143,1136,980),(1143,1130,981),(1144,1111,982),(1144,1121,983),(1145,1131,984),(1145,1120,985),(1146,1134,986),(1147,1114,987),(1147,1129,988),(1147,1106,989),(1148,1115,990),(1149,1110,991),(1150,1121,992),(1150,1138,993),(1151,1117,994),(1151,1120,995),(1152,1109,996),(1152,1125,997),(1153,1110,998),(1153,1139,999),(1153,1129,1000),(1154,1147,1001),(1155,1118,1002),(1155,1123,1003),(1156,1145,1004),(1157,1148,1005),(1158,1115,1006),(1206,1202,1007),(1206,1204,1008),(1207,1204,1009),(1207,1201,1010),(1207,1203,1011),(1208,1205,1012),(1208,1204,1013),(1208,1203,1014),(1209,1202,1015),(1209,1201,1016),(1209,1204,1017),(1210,1203,1018),(1210,1204,1019),(1211,1204,1020),(1211,1205,1021),(1212,1207,1022),(1213,1208,1023),(1213,1207,1024),(1214,1206,1025),(1214,1210,1026),(1215,1206,1027),(1216,1206,1028),(1216,1208,1029),(1217,1207,1030),(1218,1207,1031),(1219,1212,1032),(1219,1207,1033),(1220,1206,1034),(1221,1212,1035),(1222,1212,1036),(1222,1215,1037),(1223,1212,1038),(1223,1209,1039),(1224,1220,1040),(1224,1216,1041),(1225,1221,1042),(1225,1213,1043),(1226,1207,1044),(1226,1219,1045),(1226,1210,1046),(1227,1219,1047),(1228,1211,1048),(1228,1219,1049),(1229,1215,1050),(1230,1208,1051),(1230,1225,1052),(1231,1216,1053),(1231,1218,1054),(1231,1227,1055),(1232,1221,1056),(1233,1217,1057),(1233,1226,1058),(1234,1207,1059),(1234,1224,1060),(1235,1225,1061),(1236,1221,1062),(1236,1233,1063),(1237,1218,1064),(1238,1234,1065),(1238,1221,1066),(1238,1214,1067),(1239,1227,1068),(1240,1226,1069),(1241,1209,1070),(1241,1222,1071),(1241,1212,1072),(1242,1211,1073),(1242,1213,1074),(1243,1213,1075),(1244,1232,1076),(1244,1230,1077),(1245,1233,1078),(1245,1235,1079),(1246,1240,1080),(1246,1208,1081),(1247,1207,1082),(1248,1216,1083),(1248,1229,1084),(1249,1236,1085),(1250,1231,1086),(1250,1208,1087),(1251,1245,1088),(1251,1207,1089),(1251,1246,1090),(1252,1222,1091),(1253,1240,1092),(1253,1219,1093),(1254,1233,1094),(1255,1220,1095),(1255,1232,1096),(1256,1237,1097),(1256,1230,1098),(1256,1252,1099),(1257,1220,1100),(1257,1238,1101),(1257,1228,1102),(1258,1230,1103),(1258,1241,1104);
/*!40000 ALTER TABLE `prerrequisito` ENABLE KEYS */;
UNLOCK TABLES;
/*!40103 SET TIME_ZONE=@OLD_TIME_ZONE */;

/*!40101 SET SQL_MODE=@OLD_SQL_MODE */;
/*!40014 SET FOREIGN_KEY_CHECKS=@OLD_FOREIGN_KEY_CHECKS */;
/*!40014 SET UNIQUE_CHECKS=@OLD_UNIQUE_CHECKS */;
/*!40101 SET CHARACTER_SET_CLIENT=@OLD_CHARACTER_SET_CLIENT */;
/*!40101 SET CHARACTER_SET_RESULTS=@OLD_CHARACTER_SET_RESULTS */;
/*!40101 SET COLLATION_CONNECTION=@OLD_COLLATION_CONNECTION */;
/*!40111 SET SQL_NOTES=@OLD_SQL_NOTES */;

-- Dump completed on 2023-12-12 23:08:43
